[
    {
        "candidateId": 7,
        "statusFrom": null,
        "statusTo": "New",
        "transitionedAt": "2019-11-03T19:22:40+00:00"
    },
    {
        "candidateId": 20,
        "statusFrom": null,
        "statusTo": "New",
        "transitionedAt": "2019-11-03T20:39:55+00:00"
    },
    {
        "candidateId": 4,
        "statusFrom": null,
        "statusTo": "New",
        "transitionedAt": "2019-11-04T15:55:17+00:00"
    },
    {
        "candidateId": 17,
        "statusFrom": null,
        "statusTo": "New",
        "transitionedAt": "2019-11-04T18:32:26+00:00"
    },
    {
        "candidateId": 12,
        "statusFrom": null,
        "statusTo": "New",
        "transitionedAt": "2019-11-04T21:24:44+00:00"
    },
    {
        "candidateId": 19,
        "statusFrom": null,
        "statusTo": "New",
        "transitionedAt": "2019-11-05T13:41:11+00:00"
    },
    {
        "candidateId": 10,
        "statusFrom": null,
        "statusTo": "New",
        "transitionedAt": "2019-11-05T13:53:46+00:00"
    },
    {
        "candidateId": 12,
        "statusFrom": "New",
        "statusTo": "Not Hired",
        "transitionedAt": "2019-11-05T14:14:30+00:00"
    },
    {
        "candidateId": 16,
        "statusFrom": "New",
        "statusTo": "Screening",
        "transitionedAt": "2019-11-05T16:19:36+00:00"
    },
    {
        "candidateId": 7,
        "statusFrom": "New",
        "statusTo": "Not Hired",
        "transitionedAt": "2019-11-05T17:40:59+00:00"
    },
    {
        "candidateId": 5,
        "statusFrom": null,
        "statusTo": "New",
        "transitionedAt": "2019-11-05T17:48:13+00:00"
    },
    {
        "candidateId": 11,
        "statusFrom": null,
        "statusTo": "New",
        "transitionedAt": "2019-11-05T18:30:53+00:00"
    },
    {
        "candidateId": 5,
        "statusFrom": "New",
        "statusTo": "Screening",
        "transitionedAt": "2019-11-05T18:37:41+00:00"
    },
    {
        "candidateId": 14,
        "statusFrom": null,
        "statusTo": "New",
        "transitionedAt": "2019-11-05T21:14:52+00:00"
    },
    {
        "candidateId": 16,
        "statusFrom": null,
        "statusTo": "New",
        "transitionedAt": "2019-11-05T23:39:34+00:00"
    },
    {
        "candidateId": 20,
        "statusFrom": "New",
        "statusTo": "Not Hired",
        "transitionedAt": "2019-11-06T13:14:13+00:00"
    },
    {
        "candidateId": 15,
        "statusFrom": null,
        "statusTo": "New",
        "transitionedAt": "2019-11-06T15:17:46+00:00"
    },
    {
        "candidateId": 1,
        "statusFrom": null,
        "statusTo": "New",
        "transitionedAt": "2019-11-06T18:56:39+00:00"
    },
    {
        "candidateId": 8,
        "statusFrom": "New",
        "statusTo": "Screening",
        "transitionedAt": "2019-11-06T22:50:03+00:00"
    },
    {
        "candidateId": 17,
        "statusFrom": "New",
        "statusTo": "Screening",
        "transitionedAt": "2019-11-06T23:24:25+00:00"
    },
    {
        "candidateId": 8,
        "statusFrom": null,
        "statusTo": "New",
        "transitionedAt": "2019-11-06T23:48:11+00:00"
    },
    {
        "candidateId": 19,
        "statusFrom": "New",
        "statusTo": "Not Hired",
        "transitionedAt": "2019-11-07T12:42:03+00:00"
    },
    {
        "candidateId": 3,
        "statusFrom": null,
        "statusTo": "New",
        "transitionedAt": "2019-11-07T12:55:24+00:00"
    },
    {
        "candidateId": 9,
        "statusFrom": null,
        "statusTo": "New",
        "transitionedAt": "2019-11-07T17:24:24+00:00"
    },
    {
        "candidateId": 13,
        "statusFrom": null,
        "statusTo": "New",
        "transitionedAt": "2019-11-07T18:22:55+00:00"
    },
    {
        "candidateId": 14,
        "statusFrom": "New",
        "statusTo": "Not Hired",
        "transitionedAt": "2019-11-07T18:48:29+00:00"
    },
    {
        "candidateId": 18,
        "statusFrom": null,
        "statusTo": "New",
        "transitionedAt": "2019-11-07T21:05:16+00:00"
    },
    {
        "candidateId": 16,
        "statusFrom": "Screening",
        "statusTo": "Interview",
        "transitionedAt": "2019-11-07T21:47:03+00:00"
    },
    {
        "candidateId": 10,
        "statusFrom": "New",
        "statusTo": "Not Hired",
        "transitionedAt": "2019-11-08T13:35:37+00:00"
    },
    {
        "candidateId": 17,
        "statusFrom": "Screening",
        "statusTo": "Interview",
        "transitionedAt": "2019-11-08T14:02:47+00:00"
    },
    {
        "candidateId": 6,
        "statusFrom": null,
        "statusTo": "New",
        "transitionedAt": "2019-11-08T16:12:59+00:00"
    },
    {
        "candidateId": 5,
        "statusFrom": "Screening",
        "statusTo": "Interview",
        "transitionedAt": "2019-11-08T18:15:05+00:00"
    },
    {
        "candidateId": 18,
        "statusFrom": "New",
        "statusTo": "Screening",
        "transitionedAt": "2019-11-09T17:58:54+00:00"
    },
    {
        "candidateId": 4,
        "statusFrom": "New",
        "statusTo": "Screening",
        "transitionedAt": "2019-11-09T21:20:03+00:00"
    },
    {
        "candidateId": 2,
        "statusFrom": null,
        "statusTo": "New",
        "transitionedAt": "2019-11-10T19:22:23+00:00"
    },
    {
        "candidateId": 13,
        "statusFrom": "New",
        "statusTo": "Screening",
        "transitionedAt": "2019-11-10T19:42:24+00:00"
    },
    {
        "candidateId": 11,
        "statusFrom": "New",
        "statusTo": "Screening",
        "transitionedAt": "2019-11-11T13:15:59+00:00"
    },
    {
        "candidateId": 16,
        "statusFrom": "Interview",
        "statusTo": "Offer",
        "transitionedAt": "2019-11-11T19:18:07+00:00"
    },
    {
        "candidateId": 3,
        "statusFrom": "New",
        "statusTo": "Screening",
        "transitionedAt": "2019-11-11T20:18:49+00:00"
    },
    {
        "candidateId": 5,
        "statusFrom": "Interview",
        "statusTo": "Offer",
        "transitionedAt": "2019-11-12T12:43:43+00:00"
    },
    {
        "candidateId": 4,
        "statusFrom": "Screening",
        "statusTo": "Not Hired",
        "transitionedAt": "2019-11-12T16:35:53+00:00"
    },
    {
        "candidateId": 18,
        "statusFrom": "Screening",
        "statusTo": "Interview",
        "transitionedAt": "2019-11-12T16:55:16+00:00"
    },
    {
        "candidateId": 1,
        "statusFrom": "New",
        "statusTo": "Not Hired",
        "transitionedAt": "2019-11-12T18:09:52+00:00"
    },
    {
        "candidateId": 15,
        "statusFrom": "New",
        "statusTo": "Screening",
        "transitionedAt": "2019-11-12T20:53:48+00:00"
    },
    {
        "candidateId": 6,
        "statusFrom": "New",
        "statusTo": "Screening",
        "transitionedAt": "2019-11-12T22:50:32+00:00"
    },
    {
        "candidateId": 11,
        "statusFrom": "Screening",
        "statusTo": "Interview",
        "transitionedAt": "2019-11-12T23:37:55+00:00"
    },
    {
        "candidateId": 9,
        "statusFrom": "New",
        "statusTo": "Screening",
        "transitionedAt": "2019-11-12T23:41:05+00:00"
    },
    {
        "candidateId": 8,
        "statusFrom": "Screening",
        "statusTo": "Interview",
        "transitionedAt": "2019-11-13T17:07:10+00:00"
    },
    {
        "candidateId": 2,
        "statusFrom": "New",
        "statusTo": "Screening",
        "transitionedAt": "2019-11-13T17:10:11+00:00"
    },
    {
        "candidateId": 13,
        "statusFrom": "Screening",
        "statusTo": "Not Hired",
        "transitionedAt": "2019-11-14T12:17:13+00:00"
    },
    {
        "candidateId": 18,
        "statusFrom": "Interview",
        "statusTo": "Not Hired",
        "transitionedAt": "2019-11-14T12:43:28+00:00"
    },
    {
        "candidateId": 6,
        "statusFrom": "Screening",
        "statusTo": "Interview",
        "transitionedAt": "2019-11-14T14:20:46+00:00"
    },
    {
        "candidateId": 16,
        "statusFrom": "Offer",
        "statusTo": "Hired",
        "transitionedAt": "2019-11-15T15:39:46+00:00"
    },
    {
        "candidateId": 17,
        "statusFrom": "Interview",
        "statusTo": "Offer",
        "transitionedAt": "2019-11-15T16:42:06+00:00"
    },
    {
        "candidateId": 15,
        "statusFrom": "Screening",
        "statusTo": "Interview",
        "transitionedAt": "2019-11-15T19:38:46+00:00"
    },
    {
        "candidateId": 6,
        "statusFrom": "Interview",
        "statusTo": "Not Hired",
        "transitionedAt": "2019-11-16T15:55:05+00:00"
    },
    {
        "candidateId": 9,
        "statusFrom": "Screening",
        "statusTo": "Not Hired",
        "transitionedAt": "2019-11-16T20:07:33+00:00"
    },
    {
        "candidateId": 5,
        "statusFrom": "Offer",
        "statusTo": "Hired",
        "transitionedAt": "2019-11-17T16:51:52+00:00"
    },
    {
        "candidateId": 11,
        "statusFrom": "Interview",
        "statusTo": "Not Hired",
        "transitionedAt": "2019-11-17T18:48:45+00:00"
    },
    {
        "candidateId": 8,
        "statusFrom": "Interview",
        "statusTo": "Offer",
        "transitionedAt": "2019-11-17T22:36:21+00:00"
    },
    {
        "candidateId": 3,
        "statusFrom": "Screening",
        "statusTo": "Not Hired",
        "transitionedAt": "2019-11-18T16:51:13+00:00"
    },
    {
        "candidateId": 2,
        "statusFrom": "Screening",
        "statusTo": "Interview",
        "transitionedAt": "2019-11-19T14:26:57+00:00"
    },
    {
        "candidateId": 15,
        "statusFrom": "Interview",
        "statusTo": "Offer",
        "transitionedAt": "2019-11-19T20:22:07+00:00"
    },
    {
        "candidateId": 17,
        "statusFrom": "Offer",
        "statusTo": "Not Hired",
        "transitionedAt": "2019-11-21T22:12:12+00:00"
    },
    {
        "candidateId": 8,
        "statusFrom": "Offer",
        "statusTo": "Not Hired",
        "transitionedAt": "2019-11-22T20:52:01+00:00"
    },
    {
        "candidateId": 2,
        "statusFrom": "Interview",
        "statusTo": "Not Hired",
        "transitionedAt": "2019-11-24T17:49:44+00:00"
    },
    {
        "candidateId": 15,
        "statusFrom": "Offer",
        "statusTo": "Not Hired",
        "transitionedAt": "2019-11-25T17:58:23+00:00"
    }
]
